JCR_Abbrev,Year,EligibleArticles,%Bars,%InformativeGraphs
CIRCULATION,2010,116,72.36851008418878,15.412830928447686
CIRCULATION,2011,103,71.79182130213806,9.131972393144498
CIRCULATION,2012,97,60.98919873151385,15.382326722645864
CIRCULATION,2013,128,61.770883658675196,19.909078055401118
CIRCULATION,2014,110,63.63138763515478,19.529077494747447
CIRCULATION,2015,120,50.27643550756614,25.830926827494604
CIRCULATION,2016,126,46.78243871226053,35.888001399745995
CIRCULATION,2017,126,53.71921499540395,38.02429210319994
CIRCULATION,2018,105,41.81798548544529,33.69094948028725
CIRCULATION,2019,125,45.462695268330705,50.65005688037168
CIRCULATION,2020,136,44.84537884122287,49.94481301183958
CIRCULATION,2021,109,45.89369089310305,53.217758105253594
CIRCULATION,2022,106,32.81565195475397,51.21439114328642
CIRCULATION,2023,131,33.4535661445746,65.92002931521398
CIRCULATION,2024,115,33.23872450298772,65.12753250766765
CIRCULATION,2025,130,32.78867746045403,57.576172814352844
CIRC RES,2010,169,72.14396612043949,19.732332054847245
CIRC RES,2011,163,57.92339062887644,27.198719767330235
CIRC RES,2012,174,46.05840838008518,14.723211609681885
CIRC RES,2013,156,70.12508965579514,18.44306715500298
CIRC RES,2014,168,55.93354762382229,35.4660401827257
CIRC RES,2015,185,54.329756718461304,28.906856840366324
CIRC RES,2016,191,57.27255576329419,31.435541286527332
CIRC RES,2017,176,45.00497036061392,35.26319930990439
CIRC RES,2018,163,39.62782167024363,52.17742200307525
CIRC RES,2019,173,49.34565586483367,33.98688321044839
CIRC RES,2020,169,41.43658409231879,48.611395800607795
CIRC RES,2021,167,35.09411310889356,52.063032360811626
CIRC RES,2022,184,31.221874209716397,61.12120099605576
CIRC RES,2023,183,28.36903135552303,54.558265198882296
CIRC RES,2024,168,26.937746385241688,64.27643990549161
CIRC RES,2025,168,32.486768193145004,64.79372786940303
CIRC-CARDIOVASC IMAG,2010,134,67.04556956108647,13.528226818760846
CIRC-CARDIOVASC IMAG,2011,96,75.71310304539385,18.974912583587617
CIRC-CARDIOVASC IMAG,2012,130,55.32154846609823,25.043498770083747
CIRC-CARDIOVASC IMAG,2013,115,66.0546466439943,22.694951471773596
CIRC-CARDIOVASC IMAG,2014,136,53.2401587306876,38.15744342080718
CIRC-CARDIOVASC IMAG,2015,115,46.6025291011659,28.39688553857471
CIRC-CARDIOVASC IMAG,2016,127,52.62964704158895,32.43095342975813
CIRC-CARDIOVASC IMAG,2017,110,50.52858362517021,37.338161098934634
CIRC-CARDIOVASC IMAG,2018,127,41.91002745633508,43.493296988794874
CIRC-CARDIOVASC IMAG,2019,136,40.59957166079022,47.47266000596683
CIRC-CARDIOVASC IMAG,2020,122,38.4399171880389,59.10030114603484
CIRC-CARDIOVASC IMAG,2021,127,27.750701077946182,51.12220040256327
CIRC-CARDIOVASC IMAG,2022,122,39.291957182391066,58.20842823129822
CIRC-CARDIOVASC IMAG,2023,123,34.183030034441025,55.36904908808713
CIRC-CARDIOVASC IMAG,2024,131,27.28838631743119,59.27895921399507
CIRC-CARDIOVASC IMAG,2025,123,26.445186095921976,58.54921945179367
CIRC-ARRHYTHMIA ELEC,2010,161,77.70766961555559,17.166351196998
CIRC-ARRHYTHMIA ELEC,2011,173,71.6758801682389,31.436600013776914
CIRC-ARRHYTHMIA ELEC,2012,167,63.576406906553174,24.967566643323373
CIRC-ARRHYTHMIA ELEC,2013,173,61.14777548003661,27.280133163889325
CIRC-ARRHYTHMIA ELEC,2014,161,63.12353393475284,31.15412858291707
CIRC-ARRHYTHMIA ELEC,2015,152,49.69447658279084,36.778308084391455
CIRC-ARRHYTHMIA ELEC,2016,181,55.26290577535229,39.2222706615073
CIRC-ARRHYTHMIA ELEC,2017,160,63.52081018993977,39.65743337802169
CIRC-ARRHYTHMIA ELEC,2018,161,54.51757470958292,43.32255548017969
CIRC-ARRHYTHMIA ELEC,2019,164,43.62598881770345,50.48895040911746
CIRC-ARRHYTHMIA ELEC,2020,162,36.57615047413843,54.68197975247079
CIRC-ARRHYTHMIA ELEC,2021,179,41.41076613819315,55.0222552678003
CIRC-ARRHYTHMIA ELEC,2022,160,50.02893381290838,60.911359447731456
CIRC-ARRHYTHMIA ELEC,2023,165,40.81175287321854,60.85851812858854
CIRC-ARRHYTHMIA ELEC,2024,174,37.592509956185,68.90656591393228
CIRC-ARRHYTHMIA ELEC,2025,162,23.76634916331784,75.28444804095544
CIRC-CARDIOVASC INTE,2010,93,67.21312982701018,16.509210117728173
CIRC-CARDIOVASC INTE,2011,111,72.59216387426909,17.99691966839017
CIRC-CARDIOVASC INTE,2012,110,62.83984786923456,13.989220167277885
CIRC-CARDIOVASC INTE,2013,115,67.24013749352933,22.63453301559672
CIRC-CARDIOVASC INTE,2014,119,59.15414446108167,22.059132526964554
CIRC-CARDIOVASC INTE,2015,89,56.67941027395328,34.332087390991234
CIRC-CARDIOVASC INTE,2016,94,48.55235868613299,31.99753824773141
CIRC-CARDIOVASC INTE,2017,105,51.545609170601196,29.64660577963484
CIRC-CARDIOVASC INTE,2018,92,48.92992526593921,46.505950213034865
CIRC-CARDIOVASC INTE,2019,102,46.95593296712132,41.20781622209208
CIRC-CARDIOVASC INTE,2020,102,34.2403702811583,48.352194411887155
CIRC-CARDIOVASC INTE,2021,108,41.4053774993622,51.040194475678
CIRC-CARDIOVASC INTE,2022,115,31.4898462805045,51.400420657291875
CIRC-CARDIOVASC INTE,2023,118,41.5163037600386,50.83436735251877
CIRC-CARDIOVASC INTE,2024,108,27.769259822948626,60.50213797518809
CIRC-CARDIOVASC INTE,2025,93,23.672827519440172,71.91562705394766
JACC-CLIN ELECTROPHY,2010,150,69.52467033170207,10.659417571539873
JACC-CLIN ELECTROPHY,2011,127,70.78138455028747,15.440106388844258
JACC-CLIN ELECTROPHY,2012,149,61.70544508561992,17.72508531272609
JACC-CLIN ELECTROPHY,2013,145,64.8024521520307,11.287278720191525
JACC-CLIN ELECTROPHY,2014,143,55.9867312202055,29.324764821315537
JACC-CLIN ELECTROPHY,2015,153,61.795431143955796,17.899453114025302
JACC-CLIN ELECTROPHY,2016,147,53.81722268737323,28.915957566234866
JACC-CLIN ELECTROPHY,2017,142,59.15416597024395,34.48882076599643
JACC-CLIN ELECTROPHY,2018,151,53.199419561056814,43.45512110104359
JACC-CLIN ELECTROPHY,2019,136,35.63132453721235,40.00561606221813
JACC-CLIN ELECTROPHY,2020,139,49.70332616235912,45.19321082868648
JACC-CLIN ELECTROPHY,2021,148,37.165959220000744,51.082485750493674
JACC-CLIN ELECTROPHY,2022,138,39.235104178857426,62.096511726852974
JACC-CLIN ELECTROPHY,2023,150,37.06095857657567,45.866584965462465
JACC-CLIN ELECTROPHY,2024,138,46.595637165983334,57.52838842436212
JACC-CLIN ELECTROPHY,2025,134,34.46095621719469,65.73420442126717
JACC-CARDIOONCOL,2010,119,62.75826644826251,17.019086511962197
JACC-CARDIOONCOL,2011,129,70.53440620469469,23.920210064578832
JACC-CARDIOONCOL,2012,124,68.01350117108959,25.931391666362273
JACC-CARDIOONCOL,2013,117,52.98080510512921,31.5832292516168
JACC-CARDIOONCOL,2014,133,56.78350038525007,33.3156051735219
JACC-CARDIOONCOL,2015,130,68.17730943561409,39.86402306748089
JACC-CARDIOONCOL,2016,126,47.89336727475914,34.63843930063046
JACC-CARDIOONCOL,2017,117,42.47165344793904,32.52945211241608
JACC-CARDIOONCOL,2018,116,56.37276714426279,29.882281558890735
JACC-CARDIOONCOL,2019,130,36.80823208295288,43.96025994038978
JACC-CARDIOONCOL,2020,118,39.14461492089961,45.57034443786341
JACC-CARDIOONCOL,2021,115,44.10938227214353,48.96653525723295
JACC-CARDIOONCOL,2022,122,24.761402988746887,55.607562587649056
JACC-CARDIOONCOL,2023,118,35.87247992880584,54.77897481753537
JACC-CARDIOONCOL,2024,139,32.67666757021992,63.04436594396857
JACC-CARDIOONCOL,2025,126,28.17283849959593,58.498494491087484
HEART,2010,106,83.88269633186795,18.40875739874494
HEART,2011,101,77.27398443383487,29.14524484501792
HEART,2012,95,62.28065183104266,22.80495569331277
HEART,2013,97,68.01822518694654,23.555393815878972
HEART,2014,113,65.13105657499682,26.85777899970608
HEART,2015,107,61.203794792395506,38.07942200330528
HEART,2016,98,50.61412116138908,31.763174576911677
HEART,2017,99,49.563740853585145,45.30945103049544
HEART,2018,98,44.95064632603798,40.95538901822138
HEART,2019,113,38.617278803702106,54.540690872121296
HEART,2020,105,40.161088748429826,42.845921592668944
HEART,2021,116,39.17585738472494,62.9681167830427
HEART,2022,87,33.37379538045698,56.85973389558515
HEART,2023,91,30.754613211820192,56.139385436104654
HEART,2024,104,20.280418198946748,64.33229177152124
HEART,2025,88,23.70321988132728,59.48962646119648
CIRC-CARDIOVASC QUAL,2010,98,64.73367827837188,16.250328007223782
CIRC-CARDIOVASC QUAL,2011,101,65.86624301548133,23.05993162278841
CIRC-CARDIOVASC QUAL,2012,108,59.03276325730533,15.455679285911406
CIRC-CARDIOVASC QUAL,2013,111,62.377610828821695,28.18046654178828
CIRC-CARDIOVASC QUAL,2014,97,57.62395741182965,32.209963369117546
CIRC-CARDIOVASC QUAL,2015,115,56.400913014453636,32.628546969047214
CIRC-CARDIOVASC QUAL,2016,95,57.25969670452234,31.993374420881963
CIRC-CARDIOVASC QUAL,2017,107,49.73283183926274,42.20724340328231
CIRC-CARDIOVASC QUAL,2018,100,53.03645128084289,46.13795129527489
CIRC-CARDIOVASC QUAL,2019,86,39.082071194109126,46.653800183021715
CIRC-CARDIOVASC QUAL,2020,112,47.39694548392597,44.07505858202441
CIRC-CARDIOVASC QUAL,2021,94,37.00326666946139,45.08671706886726
CIRC-CARDIOVASC QUAL,2022,102,41.79902812679592,51.93786866867326
CIRC-CARDIOVASC QUAL,2023,95,38.78603868355961,59.32723568504498
CIRC-CARDIOVASC QUAL,2024,91,37.28551930372725,60.58397154061628
CIRC-CARDIOVASC QUAL,2025,107,33.50749089012177,54.820521986784485
J AM HEART ASSOC,2010,130,72.22026227273815,9.02608347615966
J AM HEART ASSOC,2011,107,84.10106059657453,9.566249761434435
J AM HEART ASSOC,2012,118,71.1257102479576,21.859159844646996
J AM HEART ASSOC,2013,116,74.81183066779798,17.440892066135195
J AM HEART ASSOC,2014,118,55.28371324673772,22.86240757748738
J AM HEART ASSOC,2015,118,59.37764896461758,24.905516464471418
J AM HEART ASSOC,2016,121,51.946762981504065,28.746218374681288
J AM HEART ASSOC,2017,130,66.84691473759048,25.29944861296825
J AM HEART ASSOC,2018,116,51.232541565563736,39.296725417453466
J AM HEART ASSOC,2019,137,50.05787007153077,43.73535279870743
J AM HEART ASSOC,2020,120,40.437559867916995,47.601827600636106
J AM HEART ASSOC,2021,131,34.18082072553083,51.23715065397173
J AM HEART ASSOC,2022,106,33.21630211247914,57.263692865014725
J AM HEART ASSOC,2023,110,33.94396432473439,62.85762096340669
J AM HEART ASSOC,2024,120,23.848966643685234,58.247632309131035
J AM HEART ASSOC,2025,118,29.66921832771346,61.654750692259135
J MOL CELL CARDIOL,2010,164,68.90111374512684,4.598417016670571
J MOL CELL CARDIOL,2011,181,60.58611226360438,11.265261092955956
J MOL CELL CARDIOL,2012,184,60.509772743033125,20.54275256329423
J MOL CELL CARDIOL,2013,174,66.80091800060202,26.75773932761683
J MOL CELL CARDIOL,2014,171,58.69189833456675,17.381836664711212
J MOL CELL CARDIOL,2015,175,56.287716446903836,22.27851893423142
J MOL CELL CARDIOL,2016,157,61.25874470222308,25.79712378759731
J MOL CELL CARDIOL,2017,175,57.53846588122654,36.470866322724945
J MOL CELL CARDIOL,2018,164,54.987517475075066,35.13927592554502
J MOL CELL CARDIOL,2019,188,53.46566919215268,35.78707800039366
J MOL CELL CARDIOL,2020,181,43.96851187327136,43.79131200546534
J MOL CELL CARDIOL,2021,167,41.40036410626039,38.68214909708999
J MOL CELL CARDIOL,2022,185,35.31001458725932,57.71937926934878
J MOL CELL CARDIOL,2023,185,39.0263379184002,70.56589901810746
J MOL CELL CARDIOL,2024,169,47.71166342621865,56.34149724879889
J MOL CELL CARDIOL,2025,184,34.495785630471985,65.7301655691753
BRAIN,2010,103,73.51925672066115,16.10391093652734
BRAIN,2011,101,70.55364375023957,16.04726247547209
BRAIN,2012,88,74.16733327856723,31.981290483315384
BRAIN,2013,89,55.95613508922205,22.306138734161934
BRAIN,2014,95,58.0237792623142,29.476311184683386
BRAIN,2015,100,59.310856203484455,24.632846755562486
BRAIN,2016,110,56.59637632615898,31.59905090101652
BRAIN,2017,118,45.97038981402825,45.89274331338271
BRAIN,2018,101,50.84104518928101,36.73634923887485
BRAIN,2019,103,46.67731803279645,55.68687434291348
BRAIN,2020,91,39.39830747959004,44.78442992484601
BRAIN,2021,104,48.891165692644634,54.15205656017842
BRAIN,2022,94,40.5511859853123,63.83244302405375
BRAIN,2023,120,40.79585611761778,58.17127425726639
BRAIN,2024,108,31.317712711497272,56.23823794089339
BRAIN,2025,103,31.73216454680602,66.61113668564158
STROKE,2010,206,64.26909395875482,23.37983362150729
STROKE,2011,191,69.32543060496538,26.44751318551392
STROKE,2012,183,66.26908181958377,31.363518575789065
STROKE,2013,196,59.403192418363055,29.35504098816621
STROKE,2014,202,57.07050249303317,39.258850288755355
STROKE,2015,169,58.10201355469301,30.79216808423893
STROKE,2016,187,53.53390207113151,29.02418567617206
STROKE,2017,198,55.17272879251153,34.034348103611585
STROKE,2018,198,52.28255933347353,45.69624308988493
STROKE,2019,198,47.804111955080856,56.68695518122504
STROKE,2020,200,54.40623964031157,48.71279746100587
STROKE,2021,197,32.21145169810173,63.60006170236393
STROKE,2022,213,39.28527046358862,59.00388376573868
STROKE,2023,185,33.05307732179664,61.68793750265209
STROKE,2024,186,35.51207070883508,57.507284226313914
STROKE,2025,189,28.573243277762483,68.30660000233203
NAT METAB,2010,184,76.12882239538202,21.15999007246185
NAT METAB,2011,192,73.21532611662327,22.723618948463756
NAT METAB,2012,205,74.4461407891598,30.369982293226126
NAT METAB,2013,193,61.04522414421865,34.557786884639654
NAT METAB,2014,184,64.88102306336825,39.132028121488354
NAT METAB,2015,192,57.97520470756067,41.958866131479006
NAT METAB,2016,196,57.79322479098492,38.492023881867794
NAT METAB,2017,191,40.16920901495767,46.43002162428361
NAT METAB,2018,180,48.21279322089481,34.54322548827625
NAT METAB,2019,195,40.10908513336797,50.33191771575399
NAT METAB,2020,200,44.7251689371293,50.148683936510025
NAT METAB,2021,201,43.18868542531987,48.060274698253615
NAT METAB,2022,190,38.35882636981613,61.0582478007748
NAT METAB,2023,199,31.53216329708215,54.449105464100256
NAT METAB,2024,196,28.97435091835833,57.39731465627768
NAT METAB,2025,186,25.588240847282524,63.535573385232645
DIABETOLOGIA,2010,129,65.59798506501511,15.142104572852624
DIABETOLOGIA,2011,128,67.24302489544073,13.549411462038393
DIABETOLOGIA,2012,137,58.328877746565,27.154796243719176
DIABETOLOGIA,2013,101,56.899938307573954,26.47861953057048
DIABETOLOGIA,2014,110,62.802080612004254,33.59982383010064
DIABETOLOGIA,2015,131,56.00041650160477,33.746580242791566
DIABETOLOGIA,2016,128,59.365228202229474,37.36513715259223
DIABETOLOGIA,2017,114,43.777979227749114,37.97701232552765
DIABETOLOGIA,2018,118,50.57737372549495,36.78452541676188
DIABETOLOGIA,2019,126,46.45616797776831,38.16522349219577
DIABETOLOGIA,2020,117,46.69182419233778,40.08983834347011
DIABETOLOGIA,2021,131,31.550770885980242,48.1997066820207
DIABETOLOGIA,2022,125,33.5185354652635,47.512347054235335
DIABETOLOGIA,2023,121,28.472739144184555,49.82897596455666
DIABETOLOGIA,2024,147,34.09541578592773,60.796643942979316
DIABETOLOGIA,2025,123,35.53692068669933,64.93467224643048
DIABETES,2010,138,71.20027638103319,20.859588218554713
DIABETES,2011,146,60.455710291840106,20.594238369369837
DIABETES,2012,155,60.93037756257453,16.30246024268816
DIABETES,2013,156,65.34520348010703,16.494675456133088
DIABETES,2014,163,54.2503385411774,25.780778263557096
DIABETES,2015,150,50.846654097034616,29.83719786655864
DIABETES,2016,154,55.09574231207667,26.148817505680494
DIABETES,2017,177,46.60523029376971,42.04694447201551
DIABETES,2018,147,48.30491021264434,41.89253580141413
DIABETES,2019,170,41.59713018663508,53.20371144436947
DIABETES,2020,167,44.28025167392831,45.63154585910491
DIABETES,2021,138,43.070565459951865,52.34677766088688
DIABETES,2022,157,36.45332839582006,55.72411743530753
DIABETES,2023,178,35.41369017262727,58.65979899844151
DIABETES,2024,146,34.38326305549829,63.542588123641195
DIABETES,2025,161,34.01688399437384,64.46752595148573
ANTIOXID REDOX SIGN,2010,130,66.78944532396339,18.271856982926224
ANTIOXID REDOX SIGN,2011,144,62.91501066344911,24.86140193271039
ANTIOXID REDOX SIGN,2012,150,65.90172572445299,21.546212857268426
ANTIOXID REDOX SIGN,2013,141,60.569586875615485,24.731746469305907
ANTIOXID REDOX SIGN,2014,144,60.742800101969635,34.12494151287986
ANTIOXID REDOX SIGN,2015,162,68.74510908688961,31.057287140964128
ANTIOXID REDOX SIGN,2016,127,58.849708161450536,39.57735712602957
ANTIOXID REDOX SIGN,2017,129,48.71379642040167,45.30262741351553
ANTIOXID REDOX SIGN,2018,161,50.03632106531123,41.28958609770596
ANTIOXID REDOX SIGN,2019,161,43.85891520489638,41.57585189847023
ANTIOXID REDOX SIGN,2020,143,54.53891667850591,54.34346708664313
ANTIOXID REDOX SIGN,2021,134,45.843896380621885,58.16419546389688
ANTIOXID REDOX SIGN,2022,148,36.56312696541569,57.429626938744036
ANTIOXID REDOX SIGN,2023,150,39.35893983006919,66.04980556663706
ANTIOXID REDOX SIGN,2024,148,39.86787770235682,67.07216719964693
ANTIOXID REDOX SIGN,2025,157,20.93935097905755,57.7279701376154
J BONE MINER RES,2010,183,69.68124368419807,20.39324255403664
J BONE MINER RES,2011,161,68.53923924481045,29.65552115345973
J BONE MINER RES,2012,170,67.37665208528186,34.026729225737924
J BONE MINER RES,2013,167,63.60459406836449,32.45926623717348
J BONE MINER RES,2014,161,49.88988479473378,31.46202752209833
J BONE MINER RES,2015,165,57.39493337613047,30.886671116322802
J BONE MINER RES,2016,158,56.19447881103506,37.63500272299512
J BONE MINER RES,2017,176,47.739873871406516,45.38717437420835
J BONE MINER RES,2018,152,47.40618669603668,49.63314821648459
J BONE MINER RES,2019,183,42.84204883534796,36.97038851143294
J BONE MINER RES,2020,157,38.80808243145165,51.90635893083746
J BONE MINER RES,2021,174,42.06689350282801,43.20744794404248
J BONE MINER RES,2022,175,35.221763473564586,48.627005743218604
J BONE MINER RES,2023,165,32.033850329882824,58.15296629395338
J BONE MINER RES,2024,148,19.745455619300195,53.82866296192942
J BONE MINER RES,2025,167,31.590362356762636,65.87867569520938
J CEREBR BLOOD F MET,2010,174,80.43204498681506,22.34684122906195
J CEREBR BLOOD F MET,2011,164,63.81063585159387,18.21683980521722
J CEREBR BLOOD F MET,2012,189,68.76954976599335,19.55661847848247
J CEREBR BLOOD F MET,2013,193,70.8654481222492,30.231411195026276
J CEREBR BLOOD F MET,2014,174,64.03229693535492,37.85627779522795
J CEREBR BLOOD F MET,2015,171,51.59464085732759,29.26741686887569
J CEREBR BLOOD F MET,2016,164,59.94027423379896,39.79206651863825
J CEREBR BLOOD F MET,2017,169,53.529600073879834,31.655961902873738
J CEREBR BLOOD F MET,2018,169,55.620697435274174,48.94600528893803
J CEREBR BLOOD F MET,2019,176,45.23490068400248,44.745119811977474
J CEREBR BLOOD F MET,2020,200,42.96943094360472,46.897179092008805
J CEREBR BLOOD F MET,2021,172,45.899270370760945,40.40225438820504
J CEREBR BLOOD F MET,2022,150,53.24104481165645,56.80291559682203
J CEREBR BLOOD F MET,2023,173,42.935216649837216,42.90086449679773
J CEREBR BLOOD F MET,2024,178,44.47023446279156,59.037403581148
J CEREBR BLOOD F MET,2025,180,27.179226100942248,66.63988108264948
J MOL ENDOCRINOL,2010,104,63.01597642554153,4.819775474362055
J MOL ENDOCRINOL,2011,109,69.71658814443398,5.29043537171362
J MOL ENDOCRINOL,2012,107,58.657296452611945,23.210779544905094
J MOL ENDOCRINOL,2013,124,66.30759861050242,19.29832351146267
J MOL ENDOCRINOL,2014,126,57.128858640148344,25.04944735991708
J MOL ENDOCRINOL,2015,121,53.000945402790876,17.601775402793088
J MOL ENDOCRINOL,2016,107,58.61648041885582,26.388202066204386
J MOL ENDOCRINOL,2017,131,46.82923231452825,31.867782356104414
J MOL ENDOCRINOL,2018,114,49.76866950630021,38.62224155643365
J MOL ENDOCRINOL,2019,109,53.408376463849606,44.66538037796514
J MOL ENDOCRINOL,2020,116,41.28014118386784,48.90439908747137
J MOL ENDOCRINOL,2021,115,45.72579091406277,49.24288423062483
J MOL ENDOCRINOL,2022,118,40.43287519289231,56.49794383167989
J MOL ENDOCRINOL,2023,95,41.98794026987989,64.76442330030476
J MOL ENDOCRINOL,2024,122,35.16673680329698,70.36928627353274
J MOL ENDOCRINOL,2025,126,36.01569096680094,66.67046268945475
NUTR DIABETES,2010,173,79.85002077209606,10.82485969340286
NUTR DIABETES,2011,173,81.1244117698701,30.00544485512814
NUTR DIABETES,2012,182,68.66341735498426,22.997361176890305
NUTR DIABETES,2013,188,67.04582902639469,18.600949496138192
NUTR DIABETES,2014,202,61.71374131065301,20.88566989530897
NUTR DIABETES,2015,183,59.081574858940044,32.55273972881903
NUTR DIABETES,2016,190,51.942594328030275,32.506968646988426
NUTR DIABETES,2017,202,53.695303057968346,42.64050991776875
NUTR DIABETES,2018,183,46.84617387990439,47.65623394211589
NUTR DIABETES,2019,190,55.940266593232245,46.42766347923672
NUTR DIABETES,2020,180,49.38039296424298,48.355612546730484
NUTR DIABETES,2021,199,39.1965653598123,47.779047256185976
NUTR DIABETES,2022,193,25.4945228355553,58.74371427520665
NUTR DIABETES,2023,172,34.74529663360988,56.04574820055661
NUTR DIABETES,2024,187,42.51259250069606,57.55833179509924
NUTR DIABETES,2025,195,30.894231601261644,64.24480387416867
INT J OBESITY,2010,142,73.62293826801145,11.745883512897695
INT J OBESITY,2011,152,64.42492281969687,20.025197437866247
INT J OBESITY,2012,132,58.587438603595295,18.618803071423663
INT J OBESITY,2013,147,65.4858656576138,26.847911015022536
INT J OBESITY,2014,148,56.66544110965061,21.944262001284063
INT J OBESITY,2015,140,63.3520766771596,19.336886805204124
INT J OBESITY,2016,132,53.100776660809814,30.410642879951105
INT J OBESITY,2017,138,53.13202294379084,38.77496965478755
INT J OBESITY,2018,137,56.104667739324896,37.0053261750582
INT J OBESITY,2019,131,43.99695477546281,41.594384866053815
INT J OBESITY,2020,143,39.80608886539765,42.539828297292104
INT J OBESITY,2021,150,37.42046367206352,52.21772171982818
INT J OBESITY,2022,127,40.84354382584174,61.80128587151745
INT J OBESITY,2023,138,36.29980173834938,65.71148252269737
INT J OBESITY,2024,138,37.82073041295121,64.02171188517865
INT J OBESITY,2025,155,40.71697296888217,72.38597384338095
NAT GENET,2010,148,81.50391776390845,8.674309450183683
NAT GENET,2011,167,71.66286838112339,9.042056464267395
NAT GENET,2012,167,65.70764447620023,25.926404927412605
NAT GENET,2013,180,64.4650962235968,26.404383718802947
NAT GENET,2014,156,55.625064705480064,40.369816893164455
NAT GENET,2015,157,53.489968877922315,25.16984010162267
NAT GENET,2016,171,54.74741765301955,31.71364240148329
NAT GENET,2017,166,43.52298763577586,43.9323175828261
NAT GENET,2018,168,55.29202739281123,48.42004030252734
NAT GENET,2019,169,48.74535946008214,35.3031979540758
NAT GENET,2020,169,39.53956474683342,39.98798407218529
NAT GENET,2021,155,41.996666521071276,38.97363392505037
NAT GENET,2022,160,36.8438465457159,52.89492477714008
NAT GENET,2023,168,28.7859862411936,53.42401534806828
NAT GENET,2024,157,36.280445113056224,66.89127593297741
NAT GENET,2025,157,24.1305920744124,53.47057746695172
ONCOGENE,2010,128,69.97279960591517,16.21372158302109
ONCOGENE,2011,131,68.20421025422073,11.288511589462063
ONCOGENE,2012,114,61.882603170820914,28.378872125163518
ONCOGENE,2013,129,61.91139609851745,26.13529730894252
ONCOGENE,2014,130,62.09411224499735,25.387266432412744
ONCOGENE,2015,136,58.720956947938504,34.8029928976494
ONCOGENE,2016,121,62.697789826484495,33.81935498812478
ONCOGENE,2017,153,54.205121757111364,30.472589583535598
ONCOGENE,2018,146,59.54225636783104,41.9011840913456
ONCOGENE,2019,124,42.06178922645273,44.815622425365625
ONCOGENE,2020,119,42.82595273415094,41.62926946356964
ONCOGENE,2021,112,42.976132050088104,49.132380060126714
ONCOGENE,2022,124,40.08803117764345,54.98533509587623
ONCOGENE,2023,112,37.843267221224146,58.91144350371211
ONCOGENE,2024,132,39.342166115261946,60.183808480195864
ONCOGENE,2025,140,25.72553739169694,67.02056702832715
GENET MED,2010,175,75.80379090365209,11.053712586072768
GENET MED,2011,163,58.528778458278765,9.639016215468274
GENET MED,2012,145,66.84778638416891,28.657317722230513
GENET MED,2013,168,62.0114838831052,29.7753278981387
GENET MED,2014,146,61.61680462372073,32.23652461353396
GENET MED,2015,161,59.447807110725925,32.00454400603801
GENET MED,2016,173,48.28752562368868,27.138193199349022
GENET MED,2017,156,59.47315768739638,42.08515550806665
GENET MED,2018,159,48.74531855937177,37.30265348991587
GENET MED,2019,169,38.60340005151854,42.946413684062776
GENET MED,2020,161,50.21966780523039,40.027628982276624
GENET MED,2021,161,43.10796919336529,60.316885364651235
GENET MED,2022,152,36.691888064756434,54.86731141560822
GENET MED,2023,139,34.845352066051156,57.16391503394437
GENET MED,2024,173,25.23485470746921,58.54901961907884
GENET MED,2025,162,28.046605893974245,63.376664492270564
NPJ GENOM MED,2010,178,70.10521880278598,18.37734532182206
NPJ GENOM MED,2011,192,73.00356230267008,20.357918806671528
NPJ GENOM MED,2012,189,60.18014218951473,29.400542563291864
NPJ GENOM MED,2013,183,72.04393185038222,14.44396721264096
NPJ GENOM MED,2014,159,58.86142174687898,25.21918975805835
NPJ GENOM MED,2015,189,50.34189879028706,28.48513569969722
NPJ GENOM MED,2016,174,55.89601725813507,35.60228865854973
NPJ GENOM MED,2017,181,58.77475645286289,33.093376936814444
NPJ GENOM MED,2018,183,45.89939123039076,41.829730329134165
NPJ GENOM MED,2019,194,37.06572521055253,42.36146548842449
NPJ GENOM MED,2020,164,44.96017202241404,43.65485828854378
NPJ GENOM MED,2021,184,42.11899894276878,57.144427447348455
NPJ GENOM MED,2022,188,35.98824133745571,46.56950108564954
NPJ GENOM MED,2023,180,29.912555836517228,52.48098164853134
NPJ GENOM MED,2024,184,27.688252779120603,55.79727187583846
NPJ GENOM MED,2025,178,24.370436426272832,65.43167764445367
HORTIC RES-ENGLAND,2010,91,67.53775750147189,16.503662785265774
HORTIC RES-ENGLAND,2011,108,69.03180991512427,24.7863142560025
HORTIC RES-ENGLAND,2012,105,59.76219848487168,19.233523532275754
HORTIC RES-ENGLAND,2013,88,63.564944690571615,19.67680111898633
HORTIC RES-ENGLAND,2014,114,66.4278763627276,29.27764821972853
HORTIC RES-ENGLAND,2015,86,51.2384454539082,26.22237439204655
HORTIC RES-ENGLAND,2016,100,56.34715318257162,34.73776083031676
HORTIC RES-ENGLAND,2017,102,66.41386724739223,32.03708727121119
HORTIC RES-ENGLAND,2018,111,54.94033845289183,47.44044341289705
HORTIC RES-ENGLAND,2019,86,39.82330832616241,40.98777997334575
HORTIC RES-ENGLAND,2020,92,46.94854587591224,57.23520646116702
HORTIC RES-ENGLAND,2021,101,37.396126054887546,60.95444202592678
HORTIC RES-ENGLAND,2022,99,36.38541955032073,51.76008701063186
HORTIC RES-ENGLAND,2023,91,39.813412308831936,59.70556556366885
HORTIC RES-ENGLAND,2024,107,29.067447920567254,66.35812014380754
HORTIC RES-ENGLAND,2025,83,33.976988269649986,67.06200551428577
CIRC-GENOM PRECIS ME,2010,97,73.16365484385574,19.455615751710162
CIRC-GENOM PRECIS ME,2011,104,69.63659715920754,18.038721407872515
CIRC-GENOM PRECIS ME,2012,95,61.290876498510606,26.96798697572213
CIRC-GENOM PRECIS ME,2013,95,63.43354708860251,28.61452742989378
CIRC-GENOM PRECIS ME,2014,95,61.57002694271364,36.74347690326951
CIRC-GENOM PRECIS ME,2015,111,47.07277614012038,39.14877603306837
CIRC-GENOM PRECIS ME,2016,79,54.4107768445626,39.37374250592151
CIRC-GENOM PRECIS ME,2017,113,57.5966812783168,39.81045102783059
CIRC-GENOM PRECIS ME,2018,110,45.235215227279745,40.05565730180393
CIRC-GENOM PRECIS ME,2019,106,59.58205424128696,47.672145481465975
CIRC-GENOM PRECIS ME,2020,101,37.57395068870546,46.186714258364525
CIRC-GENOM PRECIS ME,2021,122,39.90460307978854,43.14431348861396
CIRC-GENOM PRECIS ME,2022,98,48.178295682300664,57.54099831783151
CIRC-GENOM PRECIS ME,2023,85,39.69153525613253,58.097356600837315
CIRC-GENOM PRECIS ME,2024,87,30.65103724254414,57.68965128241804
CIRC-GENOM PRECIS ME,2025,100,35.27250539734267,51.686966253026426
CANCER GENE THER,2010,153,74.71276447272851,16.34682186111395
CANCER GENE THER,2011,157,68.16073750629879,12.829538837878768
CANCER GENE THER,2012,137,59.447020144053006,22.277120273538184
CANCER GENE THER,2013,154,60.31710087738318,30.036062239567684
CANCER GENE THER,2014,146,49.12969416219104,31.78282320899373
CANCER GENE THER,2015,149,49.362516166316006,32.40170749740157
CANCER GENE THER,2016,146,58.56416098824705,45.58971466231672
CANCER GENE THER,2017,140,46.85955853043831,41.77712929828795
CANCER GENE THER,2018,151,44.102012661038515,27.967432584073507
CANCER GENE THER,2019,151,47.088675954333155,53.866390847383315
CANCER GENE THER,2020,155,37.58060016259389,63.46235721511225
CANCER GENE THER,2021,143,45.90960724478841,47.13235758233966
CANCER GENE THER,2022,140,37.177355940583,57.01543033496951
CANCER GENE THER,2023,152,35.560979140482,62.26947174861078
CANCER GENE THER,2024,138,30.319339542184203,74.50990493684414
CANCER GENE THER,2025,161,34.62861312792757,74.98748223882066
PLOS GENET,2010,178,58.66442672216377,7.148507871089973
PLOS GENET,2011,168,64.50625375629852,16.219425891243464
PLOS GENET,2012,165,59.75907836894509,9.860298205978033
PLOS GENET,2013,171,52.33764870075938,23.665057228665074
PLOS GENET,2014,172,60.26851889560018,18.97567233320384
PLOS GENET,2015,174,52.31532301273022,34.31200250051467
PLOS GENET,2016,173,50.24745774168579,34.2295497444197
PLOS GENET,2017,181,48.952230926063706,30.261745947581808
PLOS GENET,2018,168,55.142184330392446,44.28560215178748
PLOS GENET,2019,184,45.48300307813721,43.83185191529501
PLOS GENET,2020,145,50.86187523870088,48.3391567167017
PLOS GENET,2021,177,46.894065554314075,53.1933060101416
PLOS GENET,2022,178,40.271369871643024,58.84507339586683
PLOS GENET,2023,165,34.97314670175611,63.85397284582548
PLOS GENET,2024,161,39.138484714685625,60.1086845765591
PLOS GENET,2025,162,28.859315080120492,61.49057645397315
GENE THER,2010,130,78.12629581450045,13.649657895228614
GENE THER,2011,133,70.22287788262328,16.807623338963506
GENE THER,2012,100,70.51235799372662,25.56924429923803
GENE THER,2013,114,66.52474217988845,20.89764554034014
GENE THER,2014,127,58.08569320770248,22.805230658528437
GENE THER,2015,124,55.56324661360422,36.3874652025454
GENE THER,2016,119,50.245169575950655,32.39107624522197
GENE THER,2017,134,58.52779400268422,35.2924942218226
GENE THER,2018,125,39.21104824161412,34.486747421528634
GENE THER,2019,106,52.31784131469995,40.03971871191925
GENE THER,2020,149,48.98984509340452,51.93663230359436
GENE THER,2021,128,32.714987711476375,41.80104320004209
GENE THER,2022,136,36.53568204005858,59.29826330534756
GENE THER,2023,96,30.630637006407053,59.576173186443924
GENE THER,2024,153,26.351637081497156,57.22977319067204
GENE THER,2025,128,25.3974032435611,59.311043559662444
NAT IMMUNOL,2010,155,79.64697847467721,9.110113952864733
NAT IMMUNOL,2011,160,67.91979406712314,16.59028709560428
NAT IMMUNOL,2012,177,62.47635805099885,33.98574847519945
NAT IMMUNOL,2013,168,69.50019777141934,22.340779860565945
NAT IMMUNOL,2014,169,67.22633075460064,32.467933260923516
NAT IMMUNOL,2015,163,58.79670198136317,29.515503423396414
NAT IMMUNOL,2016,152,54.59874577416196,36.056561075587936
NAT IMMUNOL,2017,163,50.280812280841175,38.308756845530425
NAT IMMUNOL,2018,157,49.65921410838092,42.393102667280615
NAT IMMUNOL,2019,145,38.830970623303614,47.05733877139358
NAT IMMUNOL,2020,159,48.63717630159053,49.675966144048836
NAT IMMUNOL,2021,179,38.53208651457404,52.29945415128465
NAT IMMUNOL,2022,172,41.85560189444659,54.80973985068411
NAT IMMUNOL,2023,162,33.015047795603685,55.4952930662745
NAT IMMUNOL,2024,171,30.562649721206594,55.14196151538779
NAT IMMUNOL,2025,172,22.559918589022505,73.11939617668627
CELL MOL IMMUNOL,2010,173,68.93992144128848,21.043641343982312
CELL MOL IMMUNOL,2011,176,74.07962984997499,26.555116609795423
CELL MOL IMMUNOL,2012,160,72.90147179285717,18.29686207837155
CELL MOL IMMUNOL,2013,161,51.45689781250755,27.081909663587656
CELL MOL IMMUNOL,2014,157,51.875582463560896,27.331705711358367
CELL MOL IMMUNOL,2015,157,50.58661487372014,28.890249907963355
CELL MOL IMMUNOL,2016,178,51.66545444813272,40.411086795805176
CELL MOL IMMUNOL,2017,159,44.328107909830756,35.409624407718375
CELL MOL IMMUNOL,2018,160,55.3732396278218,40.072249518850064
CELL MOL IMMUNOL,2019,162,38.880911387662366,51.220875559845034
CELL MOL IMMUNOL,2020,162,48.626094552551564,45.07123035788916
CELL MOL IMMUNOL,2021,160,46.858817555744096,63.35709406694909
CELL MOL IMMUNOL,2022,165,33.69684777231148,56.50185361848807
CELL MOL IMMUNOL,2023,159,28.340191596996096,73.27341502722362
CELL MOL IMMUNOL,2024,164,27.87269037331984,66.40504832913828
CELL MOL IMMUNOL,2025,174,25.290714377577387,63.261035584878734
CANCER IMMUNOL RES,2010,88,65.7943172254089,7.025195205108525
CANCER IMMUNOL RES,2011,107,65.21332157285573,9.106217595877196
CANCER IMMUNOL RES,2012,109,67.28666272038816,35.075044045191476
CANCER IMMUNOL RES,2013,82,55.459133377096116,18.67374964309844
CANCER IMMUNOL RES,2014,94,65.18810358394053,27.364889945578483
CANCER IMMUNOL RES,2015,82,53.94230727127258,21.51039828818072
CANCER IMMUNOL RES,2016,98,61.00290185558085,34.438065653098505
CANCER IMMUNOL RES,2017,116,50.38228398104254,39.92214208668309
CANCER IMMUNOL RES,2018,113,47.36012743916371,37.704761861842215
CANCER IMMUNOL RES,2019,100,49.17376980066085,37.46915436479875
CANCER IMMUNOL RES,2020,98,39.92506215341927,46.55564093319864
CANCER IMMUNOL RES,2021,100,41.83990553614958,48.09815276860238
CANCER IMMUNOL RES,2022,90,43.47971223333134,55.11753372372117
CANCER IMMUNOL RES,2023,87,39.176886276887345,54.452861836811884
CANCER IMMUNOL RES,2024,101,31.36308262511271,52.74773218688031
CANCER IMMUNOL RES,2025,96,37.38874202330058,65.81637705703228
NPJ VACCINES,2010,200,61.07861287662596,16.92884030975685
NPJ VACCINES,2011,174,58.6673935393718,26.81079295587192
NPJ VACCINES,2012,199,64.63032852625508,21.40075250272087
NPJ VACCINES,2013,204,54.00510225370268,24.845922349014103
NPJ VACCINES,2014,191,58.57915853037617,26.89614955673258
NPJ VACCINES,2015,192,51.042936894692474,38.47418025846645
NPJ VACCINES,2016,205,53.71769431185765,33.26969038509334
NPJ VACCINES,2017,186,45.86582050798879,27.109334302604807
NPJ VACCINES,2018,208,46.89963133051779,41.370689381195135
NPJ VACCINES,2019,209,37.04848804103668,51.13319062762237
NPJ VACCINES,2020,208,39.697740760177645,46.78757088290338
NPJ VACCINES,2021,196,32.769778938624555,53.18002146392695
NPJ VACCINES,2022,190,39.441311622730396,50.78910715565266
NPJ VACCINES,2023,198,29.735901548989343,59.68999097340428
NPJ VACCINES,2024,201,31.72609401165046,59.531113228072215
NPJ VACCINES,2025,200,25.990735718465736,72.53899550113316
MUCOSAL IMMUNOL,2010,176,76.62516898792246,14.238215817146804
MUCOSAL IMMUNOL,2011,196,80.17970072012473,16.364512520447686
MUCOSAL IMMUNOL,2012,184,75.30380650131502,22.90726571860764
MUCOSAL IMMUNOL,2013,186,58.31897076367322,24.64962368043866
MUCOSAL IMMUNOL,2014,175,63.544989587476266,28.230351907427973
MUCOSAL IMMUNOL,2015,174,57.20727788655354,27.063941873118903
MUCOSAL IMMUNOL,2016,181,62.43746928010553,24.60608774985765
MUCOSAL IMMUNOL,2017,205,51.977565171632584,39.16332365623123
MUCOSAL IMMUNOL,2018,184,47.757178449719014,42.99262529941977
MUCOSAL IMMUNOL,2019,171,41.963293070130945,50.362638316312655
MUCOSAL IMMUNOL,2020,190,39.81326536221036,56.33121366404447
MUCOSAL IMMUNOL,2021,178,46.530513989318464,59.95518172461356
MUCOSAL IMMUNOL,2022,180,42.21982534231932,54.47192602477834
MUCOSAL IMMUNOL,2023,187,23.431521475761976,57.45775741277792
MUCOSAL IMMUNOL,2024,188,24.440394602663225,65.97617286589373
MUCOSAL IMMUNOL,2025,191,26.448699512879216,72.85095873490505
CLIN TRANSL IMMUNOL,2010,145,74.72905037297788,18.641184421333055
CLIN TRANSL IMMUNOL,2011,117,60.98347072989893,26.379552052200165
CLIN TRANSL IMMUNOL,2012,141,63.13554385799477,28.205936973379938
CLIN TRANSL IMMUNOL,2013,130,58.51437417924058,35.37154750876144
CLIN TRANSL IMMUNOL,2014,130,63.621210086201145,28.356256537310802
CLIN TRANSL IMMUNOL,2015,126,60.67238557313928,32.1208303806228
CLIN TRANSL IMMUNOL,2016,137,55.165009737830204,44.712808013313406
CLIN TRANSL IMMUNOL,2017,142,51.907582649207484,43.14920893131262
CLIN TRANSL IMMUNOL,2018,117,46.295016002731415,35.382383819612535
CLIN TRANSL IMMUNOL,2019,129,48.41720850707668,42.151830885639605
CLIN TRANSL IMMUNOL,2020,125,38.439558997534725,45.81671281306548
CLIN TRANSL IMMUNOL,2021,124,38.046231999385334,52.24687999331088
CLIN TRANSL IMMUNOL,2022,144,40.03850205805587,46.82019357079547
CLIN TRANSL IMMUNOL,2023,129,39.63648452170713,57.83990582907602
CLIN TRANSL IMMUNOL,2024,128,36.73370072571032,59.3550558557189
CLIN TRANSL IMMUNOL,2025,124,47.27088778346625,58.61861276017639
BONE MARROW TRANSPL,2010,163,69.77655237525424,11.010026842259723
BONE MARROW TRANSPL,2011,161,69.14722436566414,27.91088375969522
BONE MARROW TRANSPL,2012,173,64.78072362545883,22.03896281814579
BONE MARROW TRANSPL,2013,160,53.017934896628155,29.351729299776512
BONE MARROW TRANSPL,2014,177,51.58899391185173,30.329950389084516
BONE MARROW TRANSPL,2015,169,52.88481360885588,40.65311203253465
BONE MARROW TRANSPL,2016,170,54.73617470741868,33.32973715744299
BONE MARROW TRANSPL,2017,174,54.681844059726934,37.11361219442951
BONE MARROW TRANSPL,2018,163,51.261991814276634,47.42289479178035
BONE MARROW TRANSPL,2019,183,49.42090978177667,50.01420081902085
BONE MARROW TRANSPL,2020,180,36.37849399546509,40.716418649670786
BONE MARROW TRANSPL,2021,173,38.03595436893303,57.59218103246423
BONE MARROW TRANSPL,2022,163,32.166579037028306,52.502723134744436
BONE MARROW TRANSPL,2023,177,24.3277212212249,66.76423101392203
BONE MARROW TRANSPL,2024,160,30.66573532622754,64.37458284499489
BONE MARROW TRANSPL,2025,179,24.067427684203942,60.80057232678702
NAT NEUROSCI,2010,191,60.47675531840081,10.654787335919446
NAT NEUROSCI,2011,191,57.926509144878246,13.006960533434546
NAT NEUROSCI,2012,182,65.3499821108946,20.15244959071314
NAT NEUROSCI,2013,181,69.40032358918202,32.54743200763623
NAT NEUROSCI,2014,197,56.184728322596904,25.883866664081708
NAT NEUROSCI,2015,192,55.27487775959048,27.551295652730094
NAT NEUROSCI,2016,203,54.02288931938701,23.720690432041167
NAT NEUROSCI,2017,205,54.280182333900086,29.306981011973804
NAT NEUROSCI,2018,186,48.423962349751925,43.798085601924114
NAT NEUROSCI,2019,204,48.87166874443694,38.626720821945106
NAT NEUROSCI,2020,195,37.045125968242424,41.48152354607199
NAT NEUROSCI,2021,204,34.30779075497344,53.45806783965948
NAT NEUROSCI,2022,193,33.07561604645399,43.082924793343246
NAT NEUROSCI,2023,184,42.07660321710403,60.603294452951744
NAT NEUROSCI,2024,187,42.39549861550196,53.86638535174551
NAT NEUROSCI,2025,184,32.82734838755767,62.38003567006417
NAT HUM BEHAV,2010,146,79.88676023064566,11.868355937570817
NAT HUM BEHAV,2011,145,67.26693598577465,18.12844366773539
NAT HUM BEHAV,2012,147,65.45301610730012,25.312928436852502
NAT HUM BEHAV,2013,129,72.16303747379497,30.614554366725862
NAT HUM BEHAV,2014,140,69.39423698925977,34.354485067153654
NAT HUM BEHAV,2015,151,55.889987480452014,41.24388989437005
NAT HUM BEHAV,2016,129,59.002991716525266,39.63251851211134
NAT HUM BEHAV,2017,150,54.67314012549947,37.066266948982545
NAT HUM BEHAV,2018,129,43.2167481620485,35.139485664653876
NAT HUM BEHAV,2019,122,49.29982416384559,43.62684041052424
NAT HUM BEHAV,2020,129,54.71744162942875,44.13921828326408
NAT HUM BEHAV,2021,129,36.54385843474666,45.56747470142503
NAT HUM BEHAV,2022,127,48.19723350875359,48.41775679320006
NAT HUM BEHAV,2023,136,28.524611621243466,54.74162700432587
NAT HUM BEHAV,2024,131,33.09072146895614,64.06232757287029
NAT HUM BEHAV,2025,139,34.31769040130693,55.70566693690059
NPJ PARKINSONS DIS,2010,136,79.25482379346458,23.590363787151055
NPJ PARKINSONS DIS,2011,140,62.52913380843036,24.95292594569006
NPJ PARKINSONS DIS,2012,139,66.48617254114637,18.569520657863908
NPJ PARKINSONS DIS,2013,133,55.93215493272103,28.34696957360958
NPJ PARKINSONS DIS,2014,140,56.687922682822794,29.945498186376355
NPJ PARKINSONS DIS,2015,142,53.0284692734493,29.326049316371403
NPJ PARKINSONS DIS,2016,139,55.49192414762853,31.037202693924478
NPJ PARKINSONS DIS,2017,152,58.364107084018144,35.594668060073296
NPJ PARKINSONS DIS,2018,124,49.19154037749768,32.04488456611179
NPJ PARKINSONS DIS,2019,138,45.44675742439777,37.87723564467249
NPJ PARKINSONS DIS,2020,136,40.4154558604311,39.45151022667212
NPJ PARKINSONS DIS,2021,144,55.090682716922785,50.24780903126419
NPJ PARKINSONS DIS,2022,147,35.31707104014762,57.30930637143915
NPJ PARKINSONS DIS,2023,152,40.87630714862199,44.98742009011042
NPJ PARKINSONS DIS,2024,153,22.881994736829775,61.115953142190534
NPJ PARKINSONS DIS,2025,143,30.41222204175196,62.28658808835123
CANCER DISCOV,2010,158,65.60177388206148,15.617170247633522
CANCER DISCOV,2011,155,62.434664353476826,21.59084695725288
CANCER DISCOV,2012,159,67.40948123271474,22.93537229807692
CANCER DISCOV,2013,181,60.874960648351475,29.57384288600225
CANCER DISCOV,2014,168,55.523845156703295,19.890660590823394
CANCER DISCOV,2015,177,56.01394881802134,34.414169136212436
CANCER DISCOV,2016,174,45.558887910791015,41.2307563500288
CANCER DISCOV,2017,166,49.29140443176947,31.34043530939988
CANCER DISCOV,2018,157,49.815167787128054,42.95778686398605
CANCER DISCOV,2019,154,49.040323735996644,37.107949141596364
CANCER DISCOV,2020,152,34.74697991559468,47.13664574574216
CANCER DISCOV,2021,160,34.269880945768044,48.957600370010866
CANCER DISCOV,2022,162,37.528432618035794,46.69615234379396
CANCER DISCOV,2023,139,35.1251726793021,42.742601283918994
CANCER DISCOV,2024,169,27.301004219596535,58.902271892745915
CANCER DISCOV,2025,162,16.20375137680103,63.67088318833558
CANCER RES,2010,168,64.02802228609353,23.375226193849805
CANCER RES,2011,198,68.34516139428834,17.66344677088461
CANCER RES,2012,200,60.09302680323976,27.574116806354997
CANCER RES,2013,179,51.71943297597356,26.936075629259665
CANCER RES,2014,194,52.3944459837759,36.52039071789367
CANCER RES,2015,184,55.59556044352155,28.28669147557154
CANCER RES,2016,203,57.53831524552872,43.923854393144595
CANCER RES,2017,191,52.38345310913518,46.095693798199505
CANCER RES,2018,197,47.089443141077076,37.89272325434921
CANCER RES,2019,190,44.86095298482986,45.825197259426346
CANCER RES,2020,203,56.66412202296054,45.021711850029284
CANCER RES,2021,193,44.508980581582726,52.46523258098736
CANCER RES,2022,175,31.650220804773653,58.51352397961385
CANCER RES,2023,203,28.251759975457535,58.55682509264734
CANCER RES,2024,200,29.47812961547959,55.16577288391704
CANCER RES,2025,179,22.200079419535168,61.24224432447518
CLIN CANCER RES,2010,189,71.22961901658351,7.586441918486724
CLIN CANCER RES,2011,212,71.89847333993798,22.277438534041952
CLIN CANCER RES,2012,195,66.59953409607702,14.402522719525956
CLIN CANCER RES,2013,194,66.03800474638263,12.243021619563496
CLIN CANCER RES,2014,215,57.72579393406239,21.012847311267457
CLIN CANCER RES,2015,188,51.446068474311176,38.06166310372675
CLIN CANCER RES,2016,212,45.58107089406689,22.109545570214458
CLIN CANCER RES,2017,198,49.13264922907622,37.08999095884102
CLIN CANCER RES,2018,205,54.494210575275396,32.91845909084058
CLIN CANCER RES,2019,191,52.29854454547268,42.83759543587162
CLIN CANCER RES,2020,198,29.18989920394511,43.38542190288042
CLIN CANCER RES,2021,186,36.33715502923532,46.311575277317054
CLIN CANCER RES,2022,192,34.01693947354188,56.62337596723858
CLIN CANCER RES,2023,192,33.459871810228044,49.73286717059847
CLIN CANCER RES,2024,202,38.66637606055819,49.88690179879871
CLIN CANCER RES,2025,195,25.12164507199426,66.95377900957847
LEUKEMIA,2010,115,76.75122270072774,6.932735798384857
LEUKEMIA,2011,112,70.00978362288683,15.006569183315664
LEUKEMIA,2012,121,65.19569622321615,18.5883972073756
LEUKEMIA,2013,120,66.19645837415081,26.74715080767845
LEUKEMIA,2014,130,63.46598383605071,27.072215887054053
LEUKEMIA,2015,110,59.638768233490964,25.636623682182915
LEUKEMIA,2016,128,56.799823634405044,36.03842178330345
LEUKEMIA,2017,134,65.21683353431035,34.586084177650584
LEUKEMIA,2018,143,55.48715836601907,39.773454583122
LEUKEMIA,2019,112,58.48076626153948,43.89257324541617
LEUKEMIA,2020,116,46.323266478805714,46.75893537466782
LEUKEMIA,2021,117,46.69433867839128,51.16458305572603
LEUKEMIA,2022,135,30.501943771714423,46.03518659721461
LEUKEMIA,2023,117,42.40873380878164,48.82219623836387
LEUKEMIA,2024,124,33.0731653258442,64.21027775356478
LEUKEMIA,2025,112,28.722766194505745,61.648898816705945
BLOOD CANCER J,2010,191,68.08510127701274,16.048514949043007
BLOOD CANCER J,2011,208,70.86530342130402,17.90701787659424
BLOOD CANCER J,2012,183,63.80576831078987,29.323279101498443
BLOOD CANCER J,2013,210,65.97986746718833,17.98052493045894
BLOOD CANCER J,2014,184,53.39350113290853,30.190791931265895
BLOOD CANCER J,2015,183,59.22383316556497,26.376119575461914
BLOOD CANCER J,2016,193,62.153556082672104,33.78203483150013
BLOOD CANCER J,2017,205,57.99467334378116,39.234040479339875
BLOOD CANCER J,2018,222,57.20978419311137,33.77123833366401
BLOOD CANCER J,2019,223,49.84886596722911,38.547688070235225
BLOOD CANCER J,2020,210,47.24340249302077,51.86562226246954
BLOOD CANCER J,2021,205,47.67522487629984,53.236558057181114
BLOOD CANCER J,2022,194,43.570580465166046,56.41131311478265
BLOOD CANCER J,2023,189,35.94924876714689,60.42151051475359
BLOOD CANCER J,2024,206,40.28525460494643,62.28113187954182
BLOOD CANCER J,2025,194,29.503440591554583,64.39822032949797
NPJ PRECIS ONCOL,2010,91,62.74202097828122,24.4182217360506
NPJ PRECIS ONCOL,2011,102,58.73437015770379,15.97628324973325
NPJ PRECIS ONCOL,2012,115,55.65834885515452,32.641960506158156
NPJ PRECIS ONCOL,2013,115,60.7272212145377,24.31294785332235
NPJ PRECIS ONCOL,2014,83,62.57412850206041,38.887711651139284
NPJ PRECIS ONCOL,2015,94,56.71400920036291,38.62366316596182
NPJ PRECIS ONCOL,2016,104,50.92978069235214,37.86206433731236
NPJ PRECIS ONCOL,2017,90,50.73841104925027,42.665630608576954
NPJ PRECIS ONCOL,2018,107,44.743948513012256,52.688921417860996
NPJ PRECIS ONCOL,2019,104,48.71754013352497,53.53217730910593
NPJ PRECIS ONCOL,2020,102,42.239600857094636,54.82372162305628
NPJ PRECIS ONCOL,2021,110,45.04209622516886,56.52688098614749
NPJ PRECIS ONCOL,2022,101,51.12923729635531,55.82236981557999
NPJ PRECIS ONCOL,2023,91,47.23329333366423,61.29476985806957
NPJ PRECIS ONCOL,2024,92,31.6100844000267,54.15736258783887
NPJ PRECIS ONCOL,2025,89,29.88780227674369,65.25108255813136
BRIT J CANCER,2010,111,65.84685828005966,16.48042160918233
BRIT J CANCER,2011,137,73.96297725836683,19.451287308709155
BRIT J CANCER,2012,127,72.05870209876159,25.496659469058006
BRIT J CANCER,2013,129,62.89768896807278,28.81417859043676
BRIT J CANCER,2014,121,63.18305048701568,30.427554501931503
BRIT J CANCER,2015,117,59.2293226058961,25.915498130065565
BRIT J CANCER,2016,117,58.58467008494396,40.80043625112826
BRIT J CANCER,2017,129,50.53263007381057,45.10413479152586
BRIT J CANCER,2018,111,48.740967785028545,40.78713043282561
BRIT J CANCER,2019,133,52.513745066907546,58.15256109548722
BRIT J CANCER,2020,121,45.83427993357838,58.27091875353478
BRIT J CANCER,2021,119,46.082929981137376,62.878630817638786
BRIT J CANCER,2022,132,39.04387181128474,52.26572831223111
BRIT J CANCER,2023,127,52.83835416173818,53.288500305486025
BRIT J CANCER,2024,109,28.138793962483845,71.01401171494213
BRIT J CANCER,2025,132,35.338224198031966,66.89711144114487
ONCOGENESIS,2010,111,66.18039746658155,13.725937231525817
ONCOGENESIS,2011,123,69.14393081605805,20.105458404639304
ONCOGENESIS,2012,107,60.94869667980143,24.377941009818223
ONCOGENESIS,2013,120,57.75768413243413,23.38617133059303
ONCOGENESIS,2014,110,54.486678176256845,27.55091959910774
ONCOGENESIS,2015,125,50.555771423783554,35.99725516420102
ONCOGENESIS,2016,123,55.44991789174785,34.17776996516717
ONCOGENESIS,2017,124,48.18245633636481,40.00023246332958
ONCOGENESIS,2018,121,56.46778232964242,31.722433079708527
ONCOGENESIS,2019,120,42.13918459838407,55.98120797889683
ONCOGENESIS,2020,122,39.77869053060322,42.01896184427239
ONCOGENESIS,2021,131,35.60000921204683,57.10818785623686
ONCOGENESIS,2022,131,40.74838819749556,65.61446101464895
ONCOGENESIS,2023,119,31.12808806072962,59.01770319803302
ONCOGENESIS,2024,121,30.31816923247175,60.102547659012785
ONCOGENESIS,2025,126,19.537220802562146,72.04051217179256
NPJ BREAST CANCER,2010,139,66.642059794121,14.236510788679505
NPJ BREAST CANCER,2011,110,72.24024539663718,10.98840443992701
NPJ BREAST CANCER,2012,131,60.37604979729603,17.729883005457825
NPJ BREAST CANCER,2013,134,71.52082574123003,24.50426070531124
NPJ BREAST CANCER,2014,139,64.08933743818356,21.48334506293339
NPJ BREAST CANCER,2015,126,59.79407847951819,37.58206863537196
NPJ BREAST CANCER,2016,114,57.56941791453291,41.782665404400035
NPJ BREAST CANCER,2017,133,52.71302133120038,33.49632690272187
NPJ BREAST CANCER,2018,135,51.83828773507926,37.908913551687434
NPJ BREAST CANCER,2019,124,54.72753794659413,51.442740025156155
NPJ BREAST CANCER,2020,120,44.14001011012619,47.98833754888994
NPJ BREAST CANCER,2021,128,44.91221273555535,53.15736666244974
NPJ BREAST CANCER,2022,127,42.067350888526036,54.558130724396335
NPJ BREAST CANCER,2023,123,35.70598938926621,58.98035328349751
NPJ BREAST CANCER,2024,126,26.411912233101404,65.0864586368726
NPJ BREAST CANCER,2025,126,28.459602512859565,70.63915909701399
CANCER-AM CANCER SOC,2010,174,68.91614314642803,14.65600404857554
CANCER-AM CANCER SOC,2011,163,62.51793444289698,20.09026595979674
CANCER-AM CANCER SOC,2012,180,57.08549993023255,19.977192529249788
CANCER-AM CANCER SOC,2013,166,65.89816577992286,19.496543506376277
CANCER-AM CANCER SOC,2014,187,41.9573793745208,25.59574471798156
CANCER-AM CANCER SOC,2015,166,57.52611898924081,12.84195579684782
CANCER-AM CANCER SOC,2016,174,56.45424441787327,39.63700670001462
CANCER-AM CANCER SOC,2017,165,55.305342926043686,47.27866051307453
CANCER-AM CANCER SOC,2018,155,50.19240657286218,43.21695646858649
CANCER-AM CANCER SOC,2019,172,53.9332795539969,45.472265333682635
CANCER-AM CANCER SOC,2020,169,42.956651863589876,33.41085354318659
CANCER-AM CANCER SOC,2021,166,40.79636014497596,51.92938336929423
CANCER-AM CANCER SOC,2022,164,41.19565893643455,50.34085215011932
CANCER-AM CANCER SOC,2023,182,36.74703690526552,62.96390870936353
CANCER-AM CANCER SOC,2024,162,30.565099829673464,61.672977698210566
CANCER-AM CANCER SOC,2025,182,32.48815674889157,72.12418596665248
BONE JOINT RES,2010,152,64.93117224907883,16.99246433974254
BONE JOINT RES,2011,144,69.98275440611927,21.95096394118754
BONE JOINT RES,2012,147,67.64110017801036,27.093412533211772
BONE JOINT RES,2013,168,63.09038675866914,22.88106325173332
BONE JOINT RES,2014,159,65.77653862043313,24.514645287557386
BONE JOINT RES,2015,160,68.53837340234548,30.828055640276485
BONE JOINT RES,2016,139,56.00315514919755,44.1454301817851
BONE JOINT RES,2017,131,54.835884375988726,31.613902274151734
BONE JOINT RES,2018,146,49.03980477856904,45.3249209048897
BONE JOINT RES,2019,129,53.258435357987246,47.44668039623194
BONE JOINT RES,2020,170,48.33652158364189,45.66271513358405
BONE JOINT RES,2021,150,41.907375792134516,53.37203345164654
BONE JOINT RES,2022,142,37.235830653103385,51.794916834114815
BONE JOINT RES,2023,156,46.52254128284386,62.40104691569249
BONE JOINT RES,2024,143,36.267540689460276,57.02108927809335
BONE JOINT RES,2025,134,30.6626168802288,47.17450862772577
BRIT J PHARMACOL,2010,165,73.55703825974845,15.453012763252929
BRIT J PHARMACOL,2011,157,73.37475002079294,23.9015357481841
BRIT J PHARMACOL,2012,147,49.38770374461782,29.52233438910301
BRIT J PHARMACOL,2013,150,59.64355371979219,31.235362692690334
BRIT J PHARMACOL,2014,154,64.79287860642002,19.41908542002441
BRIT J PHARMACOL,2015,165,60.42950843920612,34.734653524847865
BRIT J PHARMACOL,2016,153,47.897952653871265,36.38057733403775
BRIT J PHARMACOL,2017,145,50.074618993410056,31.063231880878433
BRIT J PHARMACOL,2018,153,53.65326112997779,36.22576928310663
BRIT J PHARMACOL,2019,160,42.88427820133782,41.93808882935648
BRIT J PHARMACOL,2020,148,44.48029406403147,41.59624898593234
BRIT J PHARMACOL,2021,153,33.24209042196811,51.93250532042151
BRIT J PHARMACOL,2022,151,32.02390426834942,55.36569160558793
BRIT J PHARMACOL,2023,155,32.87430371000504,55.74766559242679
BRIT J PHARMACOL,2024,158,19.055219693594367,56.35339348773914
BRIT J PHARMACOL,2025,179,32.278056535232025,66.4839458989338
ACTA PHARMACOL SIN,2010,172,71.77278785434372,21.955082840132597
ACTA PHARMACOL SIN,2011,180,63.070832620570506,14.855968062727477
ACTA PHARMACOL SIN,2012,175,58.983133099728846,19.576013047501082
ACTA PHARMACOL SIN,2013,185,56.88008599985725,24.664426609214473
ACTA PHARMACOL SIN,2014,173,61.78781697442469,30.69146534252225
ACTA PHARMACOL SIN,2015,165,57.119542305084174,24.821435402638155
ACTA PHARMACOL SIN,2016,165,58.61834974679425,33.23777304847136
ACTA PHARMACOL SIN,2017,174,46.54030433692397,38.952534000401414
ACTA PHARMACOL SIN,2018,156,40.676627644998675,34.249459797132076
ACTA PHARMACOL SIN,2019,158,41.5503639722838,44.741662516875124
ACTA PHARMACOL SIN,2020,182,43.04976358018771,45.02073852012508
ACTA PHARMACOL SIN,2021,173,37.006614481153164,47.464517488651644
ACTA PHARMACOL SIN,2022,171,49.05484729349706,46.79554009012599
ACTA PHARMACOL SIN,2023,168,30.03134320276595,53.20501334603647
ACTA PHARMACOL SIN,2024,189,33.17535713877093,51.32671199580425
ACTA PHARMACOL SIN,2025,167,36.62333752609045,64.5730584828695
AM J PHYSIOL-LUNG C,2010,152,72.73084361528034,14.30475075428036
AM J PHYSIOL-LUNG C,2011,146,65.98637055012655,14.203559917352964
AM J PHYSIOL-LUNG C,2012,150,65.0733882827995,26.145109263135268
AM J PHYSIOL-LUNG C,2013,160,70.06890522005094,26.42187708760976
AM J PHYSIOL-LUNG C,2014,144,57.435214627265665,29.936319224700156
AM J PHYSIOL-LUNG C,2015,149,48.292392129158706,32.04290908758021
AM J PHYSIOL-LUNG C,2016,150,58.95273231281755,35.16767530862199
AM J PHYSIOL-LUNG C,2017,147,40.073511449618486,37.001698866364464
AM J PHYSIOL-LUNG C,2018,149,48.4859892183268,39.76780401737701
AM J PHYSIOL-LUNG C,2019,142,44.588134306326445,48.12559504656742
AM J PHYSIOL-LUNG C,2020,157,48.49921052155899,49.0804289863873
AM J PHYSIOL-LUNG C,2021,153,48.88499035117318,55.17381234432058
AM J PHYSIOL-LUNG C,2022,156,32.771704663577566,50.69719808719592
AM J PHYSIOL-LUNG C,2023,154,27.067082700472653,52.31933461546729
AM J PHYSIOL-LUNG C,2024,165,28.40519083489768,59.21899712953405
AM J PHYSIOL-LUNG C,2025,144,21.455945727294228,60.39177847257845
J PHYSIOL-LONDON,2010,208,73.48970198814628,26.04649282983283
J PHYSIOL-LONDON,2011,218,64.16282604848622,12.85764029468018
J PHYSIOL-LONDON,2012,213,66.2649170425708,21.597909812031975
J PHYSIOL-LONDON,2013,205,51.26658958320542,26.838044658853082
J PHYSIOL-LONDON,2014,189,63.87881699043107,35.40353706631427
J PHYSIOL-LONDON,2015,184,59.223232902345245,38.66789548612085
J PHYSIOL-LONDON,2016,192,42.405549129929824,41.14514150581453
J PHYSIOL-LONDON,2017,175,50.935390302762436,41.9928036244219
J PHYSIOL-LONDON,2018,200,37.815603931451626,44.61863999271081
J PHYSIOL-LONDON,2019,199,38.84114951031076,49.79540277571876
J PHYSIOL-LONDON,2020,205,41.34872939061735,45.82342301701848
J PHYSIOL-LONDON,2021,197,37.32980769166456,49.14445791394199
J PHYSIOL-LONDON,2022,190,39.18720422389224,54.22151931925314
J PHYSIOL-LONDON,2023,196,34.553110926417425,64.2561073197723
J PHYSIOL-LONDON,2024,213,33.8819764425685,61.629479851739575
J PHYSIOL-LONDON,2025,203,21.587029343308224,71.44761989042253
J GEN PHYSIOL,2010,136,73.86787428441134,23.768846138749762
J GEN PHYSIOL,2011,141,60.36799481252078,26.960139701879623
J GEN PHYSIOL,2012,134,73.65975572846705,26.083314858788807
J GEN PHYSIOL,2013,145,61.15284202897406,36.73929616894126
J GEN PHYSIOL,2014,127,70.25104305766374,40.16367934675755
J GEN PHYSIOL,2015,124,62.52896541902978,33.876847123901236
J GEN PHYSIOL,2016,133,55.28954146527036,35.008929204192235
J GEN PHYSIOL,2017,136,54.79670034429313,39.542631596990915
J GEN PHYSIOL,2018,109,49.000675378712934,42.027213802342395
J GEN PHYSIOL,2019,125,45.553835192701705,54.03399869761486
J GEN PHYSIOL,2020,132,48.12979497816071,48.972927572143035
J GEN PHYSIOL,2021,139,40.52705815940622,59.95390216319493
J GEN PHYSIOL,2022,123,46.26343614454366,55.2224992511598
J GEN PHYSIOL,2023,128,38.84431563389999,60.80737896299913
J GEN PHYSIOL,2024,122,40.72401323354174,65.09591126161688
J GEN PHYSIOL,2025,123,26.506029259741535,65.68180382019635
AM J PHYSIOL-HEART C,2010,154,76.70598671004453,12.022026301993655
AM J PHYSIOL-HEART C,2011,170,67.09487764432612,16.567850978240063
AM J PHYSIOL-HEART C,2012,154,65.02238749055157,27.3482671168365
AM J PHYSIOL-HEART C,2013,161,69.29949015088826,18.09446739131078
AM J PHYSIOL-HEART C,2014,153,56.789940101019106,36.812525569923515
AM J PHYSIOL-HEART C,2015,145,52.154824972153335,38.223271133255274
AM J PHYSIOL-HEART C,2016,150,47.456536686540325,34.221963167984605
AM J PHYSIOL-HEART C,2017,148,49.40935516119657,50.10750801351353
AM J PHYSIOL-HEART C,2018,162,46.89453506143163,39.3120518562944
AM J PHYSIOL-HEART C,2019,149,50.69834128259778,38.75373490392683
AM J PHYSIOL-HEART C,2020,158,43.52291588798321,48.631300835035994
AM J PHYSIOL-HEART C,2021,150,40.82313147276089,54.27287770123106
AM J PHYSIOL-HEART C,2022,163,28.3090120732805,62.96788583998588
AM J PHYSIOL-HEART C,2023,161,31.61764224990229,64.68205459206374
AM J PHYSIOL-HEART C,2024,173,36.8833298411836,66.66475824306563
AM J PHYSIOL-HEART C,2025,162,38.17351152122517,80.73067454360286
AM J PHYSIOL-ENDOC M,2010,183,83.70355787376658,15.563449480886433
AM J PHYSIOL-ENDOC M,2011,182,67.03393155808648,25.848192728319553
AM J PHYSIOL-ENDOC M,2012,181,76.59507968432726,10.010906615262417
AM J PHYSIOL-ENDOC M,2013,194,66.8953203438592,29.64606187857843
AM J PHYSIOL-ENDOC M,2014,180,65.43805590363425,24.975712193912024
AM J PHYSIOL-ENDOC M,2015,203,61.74084807461893,32.18970099451282
AM J PHYSIOL-ENDOC M,2016,199,52.5549370032013,32.03871912153442
AM J PHYSIOL-ENDOC M,2017,187,54.068658371735346,39.80361804331197
AM J PHYSIOL-ENDOC M,2018,184,47.571049156575064,43.021837127727096
AM J PHYSIOL-ENDOC M,2019,203,54.061506697672854,51.04102549000129
AM J PHYSIOL-ENDOC M,2020,160,47.66127926997434,49.598936818721526
AM J PHYSIOL-ENDOC M,2021,190,42.47602136090703,57.51600654920426
AM J PHYSIOL-ENDOC M,2022,184,41.981521852079865,61.5126376986507
AM J PHYSIOL-ENDOC M,2023,189,31.866418642286035,47.24176940294088
AM J PHYSIOL-ENDOC M,2024,180,36.689888999591425,63.68851393610101
AM J PHYSIOL-ENDOC M,2025,214,30.773713217000974,71.63066838681469
AM J PHYSIOL-CELL PH,2010,156,76.71710208278388,19.673661660134517
AM J PHYSIOL-CELL PH,2011,153,69.18010001551309,32.27511161273291
AM J PHYSIOL-CELL PH,2012,139,65.64954458816885,21.130309687405738
AM J PHYSIOL-CELL PH,2013,146,59.563638884044366,31.724941251496148
AM J PHYSIOL-CELL PH,2014,136,64.48698205131024,33.8264451621251
AM J PHYSIOL-CELL PH,2015,146,54.30562695210867,27.787870110433616
AM J PHYSIOL-CELL PH,2016,147,57.24078005849576,35.68181119442204
AM J PHYSIOL-CELL PH,2017,135,57.007536445741465,49.06872287268838
AM J PHYSIOL-CELL PH,2018,160,41.12352781974033,41.46415711324016
AM J PHYSIOL-CELL PH,2019,149,45.968006292181414,47.95180175377217
AM J PHYSIOL-CELL PH,2020,146,40.6729961853012,47.410758111939415
AM J PHYSIOL-CELL PH,2021,153,39.68486919553593,44.681489486216165
AM J PHYSIOL-CELL PH,2022,150,37.4344171313156,54.025331078511265
AM J PHYSIOL-CELL PH,2023,155,35.985205358889345,57.42809150238192
AM J PHYSIOL-CELL PH,2024,149,37.711782469909316,55.61586077466788
AM J PHYSIOL-CELL PH,2025,146,31.237181703326822,62.616767680241736
AM J PHYSIOL-GASTR L,2010,121,72.91509991699863,20.269574208320744
AM J PHYSIOL-GASTR L,2011,126,69.70646668636387,16.779063155303447
AM J PHYSIOL-GASTR L,2012,134,67.65556343561849,21.11278967720944
AM J PHYSIOL-GASTR L,2013,138,66.29026446533582,39.46440762701207
AM J PHYSIOL-GASTR L,2014,113,60.219051258184884,27.466949277375583
AM J PHYSIOL-GASTR L,2015,132,59.747391266641856,34.53440153759245
AM J PHYSIOL-GASTR L,2016,112,63.42084153810555,22.81150871036602
AM J PHYSIOL-GASTR L,2017,127,49.06318930709604,34.86359564200881
AM J PHYSIOL-GASTR L,2018,123,52.07766535963463,36.188631129031535
AM J PHYSIOL-GASTR L,2019,143,45.09812604883613,44.59915584804601
AM J PHYSIOL-GASTR L,2020,127,47.06401327183561,47.68816377989519
AM J PHYSIOL-GASTR L,2021,145,44.34758839876309,49.923551438157304
AM J PHYSIOL-GASTR L,2022,123,38.42453394828322,63.589604922693084
AM J PHYSIOL-GASTR L,2023,115,40.83382755351162,61.768664957342615
AM J PHYSIOL-GASTR L,2024,117,38.908588923829804,63.60089291573687
AM J PHYSIOL-GASTR L,2025,145,32.63215985023082,64.27575344677437
AM J PHYSIOL-REG I,2010,178,77.44998710214237,15.493423122811626
AM J PHYSIOL-REG I,2011,190,80.78808946768866,10.729167444425881
AM J PHYSIOL-REG I,2012,183,66.51912237453138,16.60180950224221
AM J PHYSIOL-REG I,2013,191,72.53683927451705,21.432892766009303
AM J PHYSIOL-REG I,2014,184,58.3863226381151,23.744670539636836
AM J PHYSIOL-REG I,2015,171,62.32425617553711,27.588711701074168
AM J PHYSIOL-REG I,2016,184,51.375974056976645,38.044798799816256
AM J PHYSIOL-REG I,2017,169,58.19551209446752,33.823693652835026
AM J PHYSIOL-REG I,2018,193,57.17618489067323,42.61383885989699
AM J PHYSIOL-REG I,2019,187,55.48734102351793,36.33541024216498
AM J PHYSIOL-REG I,2020,181,39.23330604398116,54.53664500197925
AM J PHYSIOL-REG I,2021,186,27.780177092126266,39.71238767156028
AM J PHYSIOL-REG I,2022,168,43.968140099257006,51.87826096380527
AM J PHYSIOL-REG I,2023,171,36.682404689109426,50.61428365755536
AM J PHYSIOL-REG I,2024,174,43.310151880600486,59.069641950006385
AM J PHYSIOL-REG I,2025,167,39.49238044069499,66.0788527230326
J APPL PHYSIOL,2010,173,73.85727164642505,22.692630450596358
J APPL PHYSIOL,2011,154,63.581172087564866,13.209434116008897
J APPL PHYSIOL,2012,174,72.91184728466871,23.177263087561577
J APPL PHYSIOL,2013,175,66.69285633326726,16.214716118293627
J APPL PHYSIOL,2014,168,66.32785522642371,23.939725578345552
J APPL PHYSIOL,2015,190,60.91220842156678,30.437241078062147
J APPL PHYSIOL,2016,166,54.10807485571178,36.119239859499665
J APPL PHYSIOL,2017,178,57.32554312667723,27.02927087032367
J APPL PHYSIOL,2018,161,49.38117297782568,42.17973308762565
J APPL PHYSIOL,2019,160,46.122186323230494,46.71503091227134
J APPL PHYSIOL,2020,182,49.11194447695598,54.25377679839154
J APPL PHYSIOL,2021,168,34.99201816465526,51.479166924354125
J APPL PHYSIOL,2022,167,37.87103300264643,59.093817265148026
J APPL PHYSIOL,2023,180,41.990800924732866,64.14887701221741
J APPL PHYSIOL,2024,175,31.213256980518548,61.74100824400477
J APPL PHYSIOL,2025,175,24.857511815390325,70.62382529970893
AM J PHYSIOL-RENAL,2010,135,72.18930161019122,30.27554677538305
AM J PHYSIOL-RENAL,2011,138,64.7778368224092,16.914904875634743
AM J PHYSIOL-RENAL,2012,152,66.33836114181938,15.393155183626362
AM J PHYSIOL-RENAL,2013,137,74.74158415140113,34.98461285427347
AM J PHYSIOL-RENAL,2014,145,55.90586855663333,29.163045039751534
AM J PHYSIOL-RENAL,2015,107,65.16289291758041,29.29700140980623
AM J PHYSIOL-RENAL,2016,122,49.836584883723276,33.28300164362241
AM J PHYSIOL-RENAL,2017,139,58.6712813073296,49.322831603540536
AM J PHYSIOL-RENAL,2018,118,47.49709480471671,39.59411858150545
AM J PHYSIOL-RENAL,2019,146,44.15321035236154,38.83386587564413
AM J PHYSIOL-RENAL,2020,123,41.800539565988686,55.94114438252828
AM J PHYSIOL-RENAL,2021,131,47.655329788683154,47.21790655863762
AM J PHYSIOL-RENAL,2022,129,38.29317998043632,52.89800222335114
AM J PHYSIOL-RENAL,2023,141,37.32561298969777,53.573342265366755
AM J PHYSIOL-RENAL,2024,110,43.402517705125454,59.79047612276561
AM J PHYSIOL-RENAL,2025,156,33.617161512722525,57.39600384055178
PHYSIOL GENOMICS,2010,174,67.6810531975172,5.873179578454309
PHYSIOL GENOMICS,2011,167,64.4827333070101,28.66661802984693
PHYSIOL GENOMICS,2012,157,70.03746974494025,22.778886447985744
PHYSIOL GENOMICS,2013,167,64.64450656703185,27.314151447169596
PHYSIOL GENOMICS,2014,175,47.46624388377493,34.911381625637596
PHYSIOL GENOMICS,2015,189,64.76332180159245,25.497164929190518
PHYSIOL GENOMICS,2016,199,58.04776437258464,33.21578942089045
PHYSIOL GENOMICS,2017,190,30.546339336930853,35.45942780179762
PHYSIOL GENOMICS,2018,197,45.647602423697315,42.451891591792474
PHYSIOL GENOMICS,2019,184,43.36596074199175,45.330991247933945
PHYSIOL GENOMICS,2020,184,46.64547467465617,51.75076473279971
PHYSIOL GENOMICS,2021,171,37.58975787760286,44.50958575551454
PHYSIOL GENOMICS,2022,175,51.23928399693324,56.72962137007094
PHYSIOL GENOMICS,2023,177,33.59035796583612,58.69162653290417
PHYSIOL GENOMICS,2024,172,28.720294221261526,59.127395579934735
PHYSIOL GENOMICS,2025,169,23.218781190410482,61.816115726549135
EXP PHYSIOL,2010,180,75.38948049878496,21.26555153676336
EXP PHYSIOL,2011,174,62.82088122421389,22.707602953748356
EXP PHYSIOL,2012,174,56.718690565104964,16.04140568051048
EXP PHYSIOL,2013,165,62.30770708295621,21.19552354931259
EXP PHYSIOL,2014,177,61.50304114693758,23.55859751379371
EXP PHYSIOL,2015,178,53.6401541837908,33.081163089921645
EXP PHYSIOL,2016,207,55.391244116705664,33.99771829985111
EXP PHYSIOL,2017,177,52.28438224945861,40.56873495204261
EXP PHYSIOL,2018,172,55.91968131542011,36.40891623929751
EXP PHYSIOL,2019,200,42.37032488815578,52.20375426039399
EXP PHYSIOL,2020,172,47.01238887221975,40.180396857420995
EXP PHYSIOL,2021,186,40.05514468527559,48.17400700888288
EXP PHYSIOL,2022,182,37.973694968492175,60.81449437394246
EXP PHYSIOL,2023,195,34.84659665336928,63.60483134437828
EXP PHYSIOL,2024,183,34.73837798038036,61.15314016363557
EXP PHYSIOL,2025,200,27.53815551278577,68.45918067044
J NEUROPHYSIOL,2010,167,69.43050988972894,20.03296595178291
J NEUROPHYSIOL,2011,156,68.01554964187764,16.141095677398944
J NEUROPHYSIOL,2012,154,68.4674836122617,34.67654948569733
J NEUROPHYSIOL,2013,174,57.16594200968737,26.82497289777542
J NEUROPHYSIOL,2014,145,52.55058930486543,29.658775342300338
J NEUROPHYSIOL,2015,167,56.59540737955527,28.467099843698655
J NEUROPHYSIOL,2016,160,57.946775705347726,46.042873693345605
J NEUROPHYSIOL,2017,172,47.92089774707733,45.22776748607217
J NEUROPHYSIOL,2018,171,53.30229828448889,46.699595224556035
J NEUROPHYSIOL,2019,159,48.072635944526795,47.530549879599214
J NEUROPHYSIOL,2020,180,35.936950496110974,40.65283456062986
J NEUROPHYSIOL,2021,168,41.115320212118334,50.798558952271684
J NEUROPHYSIOL,2022,168,34.92958813773008,48.08143138223561
J NEUROPHYSIOL,2023,159,30.259320642500718,55.4799513610405
J NEUROPHYSIOL,2024,166,28.645699164949253,55.41313717364891
J NEUROPHYSIOL,2025,176,29.558647537751405,63.94751917653421
ARTHRITIS RHEUMATOL,2010,136,63.14835095546883,11.772004312307207
ARTHRITIS RHEUMATOL,2011,143,68.14496552661987,15.660199546764368
ARTHRITIS RHEUMATOL,2012,145,54.327520536046386,21.44843087881599
ARTHRITIS RHEUMATOL,2013,144,55.73417160912771,26.53341878405567
ARTHRITIS RHEUMATOL,2014,154,59.13186498952123,27.027013930961548
ARTHRITIS RHEUMATOL,2015,132,55.239664506917094,38.553457068773575
ARTHRITIS RHEUMATOL,2016,139,43.885437247301276,30.66404895145019
ARTHRITIS RHEUMATOL,2017,134,46.85382098533593,42.118461008856976
ARTHRITIS RHEUMATOL,2018,147,49.06774033302247,38.62772927361665
ARTHRITIS RHEUMATOL,2019,143,38.39152069660048,53.10465882318394
ARTHRITIS RHEUMATOL,2020,132,42.41567217142217,47.11493152836091
ARTHRITIS RHEUMATOL,2021,152,36.95462122487582,50.48664937689866
ARTHRITIS RHEUMATOL,2022,129,33.21971340936272,53.431316735298864
ARTHRITIS RHEUMATOL,2023,137,39.310436468721974,57.18560058550333
ARTHRITIS RHEUMATOL,2024,134,28.843173841372586,69.90458380972153
ARTHRITIS RHEUMATOL,2025,136,17.742260971635005,64.80895989123889
J RHEUMATOL,2010,158,64.5518681140897,10.868489390824987
J RHEUMATOL,2011,141,72.19584416638854,20.370730659628034
J RHEUMATOL,2012,154,69.96576425888591,26.497396876060265
J RHEUMATOL,2013,142,59.22474868156616,26.895875753003196
J RHEUMATOL,2014,151,58.752859416240874,27.890656468827903
J RHEUMATOL,2015,137,60.15917611780373,30.32145584134465
J RHEUMATOL,2016,153,52.73598280612143,36.70922344077784
J RHEUMATOL,2017,152,45.637688926186016,42.398273576781314
J RHEUMATOL,2018,158,44.96236810049011,41.35350404747692
J RHEUMATOL,2019,148,37.488945981505786,41.94121642021037
J RHEUMATOL,2020,147,47.806270082199624,44.1976491797723
J RHEUMATOL,2021,141,43.2249459270755,54.50259808923576
J RHEUMATOL,2022,128,39.2753813055395,64.26995198075346
J RHEUMATOL,2023,132,41.02465745248111,64.17691702262081
J RHEUMATOL,2024,151,29.62108652442246,65.07594070010366
J RHEUMATOL,2025,148,41.31162669696202,70.83526154719752
KIDNEY INT,2010,157,68.69046923755121,5.840817313304946
KIDNEY INT,2011,162,69.74274790008955,8.89340425895647
KIDNEY INT,2012,154,61.292284042100356,21.36331939207604
KIDNEY INT,2013,134,61.968809146165626,14.265271184197918
KIDNEY INT,2014,171,59.77156032016981,29.86359260507004
KIDNEY INT,2015,155,61.41234983939636,23.866900339009845
KIDNEY INT,2016,156,56.1770437098049,38.9954487038353
KIDNEY INT,2017,141,42.527621272269016,39.34623031455547
KIDNEY INT,2018,150,54.97287566754993,40.17229263638395
KIDNEY INT,2019,140,41.58861173454339,48.32502892296675
KIDNEY INT,2020,144,40.12138854834984,49.79681956506724
KIDNEY INT,2021,142,48.21268013319887,52.71282678814229
KIDNEY INT,2022,148,37.946072080040814,46.21591477312598
KIDNEY INT,2023,139,40.34180948028803,51.11947449143512
KIDNEY INT,2024,131,41.97372897687147,56.107111415113046
KIDNEY INT,2025,145,24.6762368623133,65.30406047317578
PROSTATE CANCER P D,2010,136,68.91255972409542,13.599853463821962
PROSTATE CANCER P D,2011,147,67.0113256495562,14.277754877711264
PROSTATE CANCER P D,2012,144,65.88493559079663,26.728672708168197
PROSTATE CANCER P D,2013,134,65.40814919552695,32.13185733070986
PROSTATE CANCER P D,2014,153,52.57705606009831,30.54598417860249
PROSTATE CANCER P D,2015,135,53.59726802018664,38.80154450865081
PROSTATE CANCER P D,2016,142,63.01109145256765,30.9419497150093
PROSTATE CANCER P D,2017,150,48.42850258140996,31.957813580212065
PROSTATE CANCER P D,2018,165,48.30239434845255,37.37683810422769
PROSTATE CANCER P D,2019,138,44.462403219461834,49.462472359268915
PROSTATE CANCER P D,2020,148,43.78103875449912,37.97170824536857
PROSTATE CANCER P D,2021,134,40.78192467067651,53.51629084541805
PROSTATE CANCER P D,2022,136,45.779641117514984,50.38883313155524
PROSTATE CANCER P D,2023,142,44.869404830128246,47.30642266367851
PROSTATE CANCER P D,2024,143,37.60501446587933,56.732754913873634
PROSTATE CANCER P D,2025,128,24.91872536146591,59.07444569954053
